4575,city,4536,Семеновка,100
4576,city,4570,Срибное,100
4577,city,4539,Бахмач,100
4578,city,4567,Репки,100
4579,city,4558,Куликовка,100
4553,city,4551,Остер,100
4554,subregion,3207,Коропский район,100
4555,city,4554,Короп,100
4556,subregion,3207,Корюковский район,100
4557,city,4556,Корюковка,100
4558,subregion,3207,Куликовский район,100
4559,subregion,3207,Менский район,100
4560,city,4559,Мена,100
4561,subregion,3207,Нежинский район,100
4562,city,4561,Нежин,100
4563,subregion,3207,Новгород-Северский район,100
4564,city,4563,Новгород-Северский,100
4565,subregion,3207,Носовский район,100
4566,city,4534,Прилуки,100
4567,subregion,3207,Репкинский район,100
4568,subregion,3207,Сосницкий район,100
4569,city,4568,Сосница,100
4570,subregion,3207,Сребнянский район,100
4571,subregion,3207,Талалаевский район,100
4572,city,3207,Чернигов,100
4573,city,4535,Щорс,100
4574,city,4565,Носовка,100
4392,city,4382,Якимовка,100
4393,city,4360,Гуляйполе,100
4394,city,3204,Алчевск,100
4395,subregion,3204,Антрацитовский район,100
4396,city,4395,Антрацит,100
4397,subregion,3204,Беловодский район,100
4398,city,4397,Беловодск,100
4399,subregion,3204,Белокуракинский район,100
4400,city,4399,Белокуракино,100
4401,city,3204,Брянка,100
4402,city,3204,Кировск,100
4403,subregion,3204,Краснодонский район,100
4404,city,4403,Краснодон,100
4405,city,3204,Красный Луч,100
4406,subregion,3204,Кременский район,100
4407,city,4406,Кременная,100
4408,city,3204,Лисичанск,100
4409,city,3204,Луганск,100
4410,subregion,3204,Лутугинский район,100
4411,city,4410,Лутугино,100
4412,subregion,3204,Марковский район,100
4413,subregion,3204,Меловский район,100
4414,city,4413,Меловое,100
4415,subregion,3204,Новоайдарский район,100
4416,city,4415,Новоайдар,100
4417,subregion,3204,Новопсковский район,100
4418,city,4417,Новопсков,100
4419,city,3204,Первомайск,100
4420,subregion,3204,Перевальский район,100
4421,city,4420,Зоринск,100
4422,city,4420,Перевальск,100
4423,subregion,3204,Попаснянский район,100
4424,city,4423,Попасная,100
4425,city,3204,Ровеньки,100
4426,city,3204,Рубежное,100
4427,subregion,3204,Сватовский район,100
4428,city,4427,Сватово,100
4429,subregion,3204,Свердловский район,100
4430,city,4429,Свердловск,100
4431,city,3204,Северодонецк,100
4432,subregion,3204,Славяносербский район,100
4433,city,4432,Зимогорье,100
4434,city,4432,Славяносербск,100
4435,subregion,3204,Станично-Луганский район,100
4436,subregion,3204,Старобельский район,100
4437,city,4436,Старобельск,100
4438,city,3204,Стаханов,100
4439,subregion,3204,Троицкий район,100
4440,city,4412,Марковка,100
4441,city,4420,Артемовск,100
4442,city,4439,Троицкое,100
4443,subregion,3205,Первомайский район,100
4444,subregion,3205,Золочевский район,100
4445,subregion,3205,Вовчанский район,100
4446,subregion,3205,Балаклейский район,100
4447,subregion,3205,Барвинковский район,100
4448,city,4447,Барвинково,100
4449,subregion,3205,Близнюковский район,100
4450,city,4449,Близнюки,100
4451,subregion,3205,Богодуховский район,100
4452,city,4451,Богодухов,100
4453,subregion,3205,Боровский район,100
4454,subregion,3205,Валковский район,100
4455,city,4454,Валки,100
4456,subregion,3205,Великобурлукский район,100
4457,city,4456,Большой Бурлук,100
4458,subregion,3205,Двуречанский район,100
4459,city,4458,Двуречная,100
4460,subregion,3205,Дергачевский район,100
4461,city,4460,Дергачи,100
4462,subregion,3205,Зачепиловский район,100
4463,subregion,3205,Змиевский район,100
4464,city,4463,Змиев,100
4465,subregion,3205,Изюмский район,100
4466,city,4465,Изюм,100
4467,subregion,3205,Кегичевский район,100
4468,city,4467,Кегичевка,100
4469,subregion,3205,Коломакский район,100
4470,city,4469,Коломак,100
4471,subregion,3205,Красноградский район,100
4472,city,4471,Красноград,100
4473,subregion,3205,Краснокутский район,100
4474,city,4473,Краснокутск,100
4475,subregion,3205,Купянский район,100
4476,city,4475,Купянск,100
4477,subregion,3205,Лозовский район,100
4478,city,4477,Лозовая,100
4479,subregion,3205,Нововодолажский район,100
4480,city,4479,Новая Водолага,100
4481,subregion,3205,Печенежский район,100
4482,city,4481,Печенеги,100
4483,subregion,3205,Сахновщинский район,100
4484,city,4483,Сахновщина,100
4485,city,3205,Харьков,100
4486,subregion,3205,Харьковский район,100
4487,city,4486,Люботин,100
4488,subregion,3205,Чугуевский район,100
4489,city,4488,Чугуев,100
4490,subregion,3205,Шевченковский район,100
4491,city,4443,Первомайский,100
4492,city,4453,Боровая,100
4493,city,4462,Зачепиловка,100
4494,city,4445,Вовчанск,100
4495,city,4446,Балаклея,100
4496,city,4444,Золочев,100
4497,subregion,3206,Роменский район,100
4498,subregion,3206,Тростянецкий район,100
4499,subregion,3206,Ямпольский район,100
4500,subregion,3206,Белопольский район,100
4501,city,4500,Ворожба,100
4502,subregion,3206,Бурынский район,100
4503,city,4502,Бурынь,100
4504,subregion,3206,Великописаревский район,100
4505,city,4504,Большая Писаревка,100
4506,subregion,3206,Глуховский район,100
4507,city,4506,Глухов,100
4508,subregion,3206,Конотопский район,100
4509,city,4508,Конотоп,100
4510,subregion,3206,Краснопольский район,100
4511,subregion,3206,Кролевецкий район,100
4512,city,4511,Кролевец,100
4513,subregion,3206,Лебединский район,100
4514,city,4513,Лебедин,100
4515,subregion,3206,Липоводолинский район,100
4516,city,4515,Липовая Долина,100
4517,subregion,3206,Недрыгайловский район,100
4518,city,4517,Недригайлов,100
4519,subregion,3206,Ахтырский район,100
4520,city,4519,Ахтырка,100
4521,subregion,3206,Путивльский район,100
4522,city,4521,Путивль,100
4523,city,4497,Ромны,100
4524,subregion,3206,Середино-будский район,100
4525,city,4524,Середина-Буда,100
4526,city,3206,Сумы,100
4527,subregion,3206,Сумской район,100
4528,subregion,3206,Шосткинский район,100
4529,city,4528,Шостка,100
4530,city,4500,Белополье,100
4531,city,4498,Тростянец,100
4532,city,4499,Ямполь,100
4533,city,4499,Дружба,100
4534,subregion,3207,Прилукский район,100
4535,subregion,3207,Щорский район,100
4536,subregion,3207,Семеновский район,100
4537,subregion,3207,Черниговский район,100
4538,city,4537,Кувечичи,100
4539,subregion,3207,Бахмачский район,100
4540,city,4539,Батурин,100
4541,subregion,3207,Бобровицкий район,100
4542,city,4541,Бобровица,100
4543,subregion,3207,Борзнянский район,100
4544,city,4543,Борзна,100
4545,subregion,3207,Варвинский район,100
4546,city,4545,Варва,100
4547,subregion,3207,Городнянский район,100
4548,city,4547,Городня,100
4549,subregion,3207,Ичнянский район,100
4550,city,4549,Ичня,100
4551,subregion,3207,Козелецкий район,100
4552,city,4551,Козелец,100
4335,city,4334,Славянск,100
4336,city,3202,Снежное,100
4337,subregion,3202,Старобешевский район,100
4338,subregion,3202,Тельмановский район,100
4339,city,4338,Тельманово,100
4340,city,3202,Торез,100
4341,city,3202,Харцызск,100
4342,subregion,3202,Шахтерский район,100
4343,city,4342,Шахтерск,100
4344,subregion,3202,Ясиноватский район,100
4345,city,4344,Ясиноватая,100
4346,city,4331,Александровка,100
4347,city,4315,Константиновка,100
4348,city,4315,Заря,100
4349,city,3202,Димитров,100
4350,city,3202,Кировское,100
4351,city,3202,Ждановка,100
4352,city,3202,Авдеевка,100
4353,city,4337,Комсомольское,100
4354,subregion,3203,Бердянский район,100
4355,subregion,3203,Васильевский район,100
4356,subregion,3203,Великобелозерский район,100
4357,subregion,3203,Веселовский район,100
4358,subregion,3203,Вольнянский район,100
4359,city,4358,Вольнянск,100
4360,subregion,3203,Гуляйпольский район,100
4361,city,3203,Энергодар,100
4362,subregion,3203,Запорожский район,100
4363,subregion,3203,Каменско-Днепровский район,100
4364,city,4363,Каменка-Днепровская,100
4365,subregion,3203,Куйбышевский район,100
4366,subregion,3203,Мелитопольский район,100
4367,city,4366,Мелитополь,100
4368,subregion,3203,Михайловский район,100
4369,subregion,3203,Новониколаевский район,100
4370,subregion,3203,Ореховский район,100
4371,city,4370,Орехов,100
4372,subregion,3203,Пологовский район,100
4373,subregion,3203,Приазовский район,100
4374,subregion,3203,Приморский район,100
4375,city,4374,Приморск,100
4376,subregion,3203,Розовский район,100
4377,subregion,3203,Токмакский район,100
4378,city,4377,Молочанск,100
4379,city,4377,Токмак,100
4380,subregion,3203,Черниговский район,100
4381,city,4380,Черниговка,100
4382,subregion,3203,Якимовский район,100
4383,city,4368,Михайловка,100
4384,city,4354,Бердянск,100
4385,city,4373,Приазовское,100
4386,city,4355,Василевка,100
4387,city,4372,Пологи,100
4388,city,4365,Куйбышево,100
4389,city,3203,Запорожье,100
4390,city,4369,Новониколаевка,100
4391,city,4376,Розовка,100
4313,city,3202,Донецк,100
4314,city,3202,Дружковка,100
4315,subregion,3202,Константиновский район,100
4316,city,3202,Енакиево,100
4317,city,3202,Краматорск,100
4318,subregion,3202,Красноармейский район,100
4319,city,4318,Красноармейск,100
4320,subregion,3202,Лиманский район,100
4321,city,4320,Красный Лиман,100
4322,city,3202,Макеевка,100
4323,subregion,3202,Мангушский район,100
4324,subregion,3202,Марьинский район,100
4325,city,4324,Красногоровка,100
4326,city,4324,Курахово,100
4327,city,4324,Марьинка,100
4328,city,3202,Мариуполь,100
4329,subregion,3202,Новоазовский район,100
4330,city,4329,Новоазовск,100
4331,subregion,3202,Александровский район,100
4332,city,3202,Селидово,100
4333,city,3202,Новогродовка,100
4334,subregion,3202,Славянский район,100
3181,country,0,Украина,100
3182,region,3181,Автономная Республика Крым,100
3183,region,3181,Николаевская область,100
3184,region,3181,Одесская область,100
3185,region,3181,Херсонская область,100
3186,region,3181,Ивано-Франковская область,100
3187,region,3181,Волынская область,100
3188,region,3181,Закарпатская область,100
3189,region,3181,Львовская область,100
3190,region,3181,Ровенская область,100
3191,region,3181,Тернопольская область,100
3192,region,3181,Хмельницкая область,100
3193,region,3181,Черновицкая область,100
3194,region,3181,Винницкая область,100
3195,region,3181,Житомирская область,100
3196,region,3181,Кировоградская область,100
3197,region,3181,Киевская область,100
3198,city,3181,Киев,100
3199,region,3181,Полтавская область,100
3200,region,3181,Черкасская область,100
3201,region,3181,Днепропетровская область,100
3202,region,3181,Донецкая область,100
3203,region,3181,Запорожская область,100
3204,region,3181,Луганская область,100
3205,region,3181,Харьковская область,100
3206,region,3181,Сумская область,100
3207,region,3181,Черниговская область,100
3511,city,3182,Алушта,100
3512,subregion,3182,Бахчисарайский район,100
3513,city,3512,Бахчисарай,100
3514,subregion,3182,Белогорский район,100
3515,city,3514,Белогорск,100
3516,subregion,3182,Джанкойский район,100
3517,city,3516,Джанкой,100
3518,city,3182,Евпатория,100
3519,city,3182,Керчь,100
3520,subregion,3182,Кировский район,100
3521,city,3520,Старый Крым,100
3522,subregion,3182,Красногвардейский район,100
3523,subregion,3182,Красноперекопский район,100
3524,city,3182,Армянск,100
3525,city,3523,Красноперекопск,100
3526,subregion,3182,Ленинский район,100
3527,city,3526,Щелкино,100
3528,subregion,3182,Нижнегорский район,100
3529,subregion,3182,Первомайский район,100
3530,subregion,3182,Раздольненский район,100
3531,subregion,3182,Сакский район,100
3532,city,3531,Саки,100
3533,city,3182,Симферополь,100
3534,subregion,3182,Симферопольский район,100
3535,subregion,3182,Советский район,100
3536,city,3182,Судак,100
3537,city,3182,Феодосия,100
3538,subregion,3182,Черноморский район,100
3539,city,3182,Ялта,100
3540,subregion,3183,Первомайский район,100
3541,subregion,3183,Арбузинский район,100
3542,city,3541,Арбузинка,100
3543,subregion,3183,Баштанский район,100
3544,city,3543,Баштанка,100
3545,subregion,3183,Березанский район,100
3546,city,3545,Березанка,100
3547,subregion,3183,Березнеговатский район,100
3548,subregion,3183,Братский район,100
3549,subregion,3183,Веселиновский район,100
3550,city,3549,Веселиново,100
3551,subregion,3183,Вознесенский район,100
3552,subregion,3183,Врадиевский район,100
3553,subregion,3183,Доманевский район,100
3554,city,3553,Домановка,100
3555,subregion,3183,Еланецкий район,100
3556,city,3555,Еланец,100
3557,subregion,3183,Витовский район,100
3558,city,3557,Воскресенское,100
3559,subregion,3183,Казанковский район,100
3560,subregion,3183,Кривоозерский район,100
3561,subregion,3183,Новобугский район,100
3562,city,3561,Новый Буг,100
3563,subregion,3183,Новоодесский район,100
3564,city,3563,Новая Одесса,100
3565,subregion,3183,Очаковский район,100
3566,city,3565,Очаков,100
3567,subregion,3183,Снигиревский район,100
3568,city,3183,Южноукраинск,100
3569,subregion,3183,Николаевский район,100
3570,city,3560,Кривое Озеро,100
3571,city,3567,Снегуровка,100
3572,city,3551,Вознесенск,100
3573,city,3540,Первомайск,100
3574,city,3547,Березнегуватое,100
3575,city,3548,Братское,100
3576,city,3183,Николаев,100
3577,subregion,3184,Ананьевский район,100
3578,subregion,3184,Арцизский район,100
3579,city,3578,Арциз,100
3580,subregion,3184,Балтский район,100
3581,city,3580,Балта,100
3582,subregion,3184,Березовский район,100
3583,subregion,3184,Белгород-Днестровский район,100
3584,city,3583,Белгород-Днестровский,100
3585,subregion,3184,Беляевский район,100
3586,city,3585,Беляевка,100
3587,subregion,3184,Болградский район,100
3588,city,3587,Болград,100
3589,subregion,3184,Великомихайловский район,100
3590,subregion,3184,Ивановский район,100
3591,subregion,3184,Измаильский район,100
3592,city,3591,Измаил,100
3593,city,3184,Ильичевск,100
3594,subregion,3184,Килийский район,100
3595,city,3594,Вилково,100
3596,city,3594,Килия,100
3597,subregion,3184,Кодымский район,100
3598,city,3597,Кодыма,100
3599,subregion,3184,Коминтерновский район,100
3600,city,3599,Коминтерновское,100
3601,subregion,3184,Котовский район,100
3602,city,3601,Котовск,100
3603,subregion,3184,Окнянский район,100
3604,city,3603,Окны,100
3605,subregion,3184,Любашевский район,100
3606,city,3605,Любашевка,100
3607,subregion,3184,Овидиопольский район,100
3608,city,3607,Овидиополь,100
3609,city,3184,Одесса,100
3610,city,3184,Теплодар,100
3611,subregion,3184,Ренийский район,100
3612,city,3611,Рени,100
3613,subregion,3184,Раздельнянский район,100
3614,city,3613,Раздельная,100
3615,subregion,3184,Савранский район,100
3616,city,3615,Саврань,100
3617,subregion,3184,Саратский район,100
3618,city,3617,Сарата,100
3619,subregion,3184,Тарутинский район,100
3620,city,3619,Тарутино,100
3621,subregion,3184,Татарбунарский район,100
3622,city,3621,Татарбунары,100
3623,subregion,3184,Захаровский район,100
3624,city,3623,Захаровка,100
3625,subregion,3184,Ширяевский район,100
3626,city,3625,Ширяево,100
3627,subregion,3184,Николаевский район,100
3628,city,3184,Южное,100
3629,city,3577,Ананьев,100
3630,city,3582,Березовка,100
3631,city,3627,Николаевка,100
3632,subregion,3185,Ивановский район,100
3633,subregion,3185,Бериславский район,100
3634,city,3633,Берислав,100
3635,subregion,3185,Белозерский район,100
3636,city,3635,Белозерка,100
3637,subregion,3185,Великолепетихский район,100
3638,city,3637,Большая Лепетиха,100
3639,subregion,3185,Великоалександровский район,100
3640,subregion,3185,Верхнерогачикский район,100
3641,city,3640,Верхний Рогачик,100
3642,subregion,3185,Высокопольский район,100
3643,subregion,3185,Генический район,100
3644,subregion,3185,Голопристанский район,100
3645,city,3644,Голая Пристань,100
3646,subregion,3185,Горностаевский район,100
3647,subregion,3185,Каланчакский район,100
3648,subregion,3185,Каховский район,100
3649,city,3648,Каховка,100
3650,subregion,3185,Нижнесерогозский район,100
3651,city,3650,Нижние Серогозы,100
3652,city,3185,Новая Каховка,100
3653,subregion,3185,Нововоронцовский район,100
3654,city,3653,Нововоронцовка,100
3655,subregion,3185,Новотроицкий район,100
3656,subregion,3185,Скадовский район,100
3657,city,3656,Скадовск,100
3658,city,3185,Херсон,100
3659,subregion,3185,Олешковский район,100
3660,city,3659,Алешки,100
3661,subregion,3185,Чаплинский район,100
3662,city,3639,Большая Александровка,100
3663,city,3632,Ивановка,100
3664,city,3642,Высокополье,100
3665,city,3646,Горностаевка,100
3666,city,3647,Каланчак,100
3667,city,3661,Чаплинка,100
3668,city,3655,Новотроицкое,100
3669,city,3643,Геническ,100
3670,subregion,3186,Богородчанский район,100
3671,city,3670,Богородчаны,100
3672,city,3186,Болехов,100
3673,subregion,3186,Верховинский район,100
3674,city,3673,Верховина,100
3675,subregion,3186,Галичский район,100
3676,city,3675,Бурштын,100
3677,city,3675,Галич,100
3678,subregion,3186,Городенковский район,100
3679,city,3678,Городенка,100
3680,subregion,3186,Долинский район,100
3681,city,3680,Долина,100
3682,city,3186,Ивано-Франковск,100
3683,subregion,3186,Калушский район,100
3684,city,3683,Калуш,100
3685,subregion,3186,Коломыйский район,100
3686,city,3685,Коломыя,100
3687,subregion,3186,Косовский район,100
3688,city,3687,Косов,100
3689,city,3687,Куты,100
3690,subregion,3186,Надвирнянский район,100
3691,city,3690,Надвирна,100
3692,subregion,3186,Рогатинский район,100
3693,city,3692,Рогатин,100
3694,subregion,3186,Рожнятовский район,100
3695,city,3694,Рожнятов,100
3696,subregion,3186,Снятынский район,100
3697,city,3696,Снятын,100
3698,subregion,3186,Тысменицкий район,100
3699,city,3698,Тысменица,100
3700,subregion,3186,Тлумачский район,100
3701,city,3700,Тлумач,100
3702,city,3186,Яремче,100
3703,subregion,3187,Владимир-Волынский район,100
3704,city,3703,Владимир-Волынский,100
3705,city,3703,Устилуг,100
3706,subregion,3187,Гороховский район,100
3707,city,3706,Берестечко,100
3708,city,3706,Горохов,100
3709,subregion,3187,Иваничевский район,100
3710,subregion,3187,Камень-Каширский район,100
3711,city,3710,Камень-Каширский,100
3712,subregion,3187,Киверцовский район,100
3713,city,3712,Киверцы,100
3714,subregion,3187,Ковельский район,100
3715,city,3714,Ковель,100
3716,subregion,3187,Локачинский район,100
3717,city,3187,Луцк,100
3718,subregion,3187,Луцкий район,100
3719,subregion,3187,Любешовский район,100
3720,subregion,3187,Любомльский район,100
3721,city,3720,Любомль,100
3722,subregion,3187,Маневичский район,100
3723,city,3187,Нововолынск,100
3724,subregion,3187,Ратновский район,100
3725,subregion,3187,Рожищенский район,100
3726,city,3725,Рожище,100
3727,subregion,3187,Старовыжевский район,100
3728,subregion,3187,Шацкий район,100
3729,subregion,3187,Турийский район,100
3730,subregion,3188,Береговский район,100
3731,subregion,3188,Великоберезнянский район,100
3732,subregion,3188,Виноградовский район,100
3733,subregion,3188,Тячевский район,100
3734,city,3732,Виноградов,100
3735,subregion,3188,Воловецкий район,100
3736,subregion,3188,Иршавский район,100
3737,city,3736,Иршава,100
3738,subregion,3188,Межгорский район,100
3739,subregion,3188,Мукачевский район,100
3740,subregion,3188,Перечинский район,100
3741,city,3740,Перечин,100
3742,subregion,3188,Раховский район,100
3743,city,3742,Рахов,100
3744,subregion,3188,Свалявский район,100
3745,city,3744,Свалява,100
3746,city,3733,Тячев,100
3747,city,3188,Ужгород,100
3748,subregion,3188,Ужгородский район,100
3749,subregion,3188,Хустский район,100
3750,city,3749,Хуст,100
3751,city,3188,Чоп,100
3752,city,3739,Мукачево,100
3753,city,3730,Береговое,100
3754,city,3189,Борислав,100
3755,subregion,3189,Бродовский район,100
3756,subregion,3189,Бусский район,100
3757,city,3756,Бусск,100
3758,subregion,3189,Городокский район,100
3759,city,3758,Комарно,100
3760,subregion,3189,Дрогобычский район,100
3761,city,3760,Дрогобыч,100
3762,subregion,3189,Жидачовский район,100
3763,city,3762,Жидачев,100
3764,subregion,3189,Жовковский район,100
3765,city,3764,Дубляны,100
3766,city,3764,Жовква,100
3767,city,3764,Рава-Русская,100
3768,subregion,3189,Золочевский район,100
3769,city,3768,Глиняны,100
3770,subregion,3189,Каменка-Бужский район,100
3771,city,3770,Каменка-Бужская,100
3772,city,3189,Львов,100
3773,subregion,3189,Николаевский район,100
3774,city,3773,Николаев,100
3775,city,3189,Новый Роздол,100
3776,subregion,3189,Мостисский район,100
3777,city,3776,Судовая Вишня,100
3778,subregion,3189,Перемышлянский район,100
3779,city,3778,Бобрка,100
3780,city,3778,Перемышляны,100
3781,subregion,3189,Пустомытовский район,100
3782,city,3781,Пустомыты,100
3783,subregion,3189,Радеховский район,100
3784,subregion,3189,Самборский район,100
3785,subregion,3189,Старосамборский район,100
3786,city,3784,Рудки,100
3787,city,3784,Самбор,100
3788,subregion,3189,Сколевский район,100
3789,city,3788,Сколе,100
3790,subregion,3189,Сокальский район,100
3791,city,3790,Белз,100
3792,city,3790,Великие Мосты,100
3793,city,3790,Сокаль,100
3794,city,3790,Угнев,100
3795,city,3785,Добромиль,100
3796,city,3785,Старый Самбор,100
3797,city,3785,Хыров,100
3798,subregion,3189,Стрыйский район,100
3799,city,3189,Моршин,100
3800,city,3798,Стрый,100
3801,city,3189,Трускавец,100
3802,subregion,3189,Турковский район,100
3803,city,3189,Червоноград,100
3804,subregion,3189,Яворовский район,100
3805,city,3804,Новояворовск,100
3806,city,3758,Городок,100
3807,city,3783,Радехов,100
3808,city,3768,Золочев,100
3809,city,3762,Ходоров,100
3810,city,3804,Яворов,100
3811,city,3802,Турка,100
3812,city,3755,Броды,100
3813,city,3776,Мостиска,100
3814,subregion,3190,Березновский район,100
3815,city,3814,Березное,100
3816,subregion,3190,Владимирецкий район,100
3817,city,3816,Владимирец,100
3818,subregion,3190,Гощанский район,100
3819,city,3818,Гоща,100
3820,subregion,3190,Демидовский район,100
3821,subregion,3190,Дубенский район,100
3822,subregion,3190,Дубровицкий район,100
3823,subregion,3190,Заречненский район,100
3824,subregion,3190,Здолбуновский район,100
3825,city,3824,Здолбунов,100
3826,subregion,3190,Корецкий район,100
3827,city,3826,Корец,100
3828,subregion,3190,Костопольский район,100
3829,city,3828,Костополь,100
3830,city,3190,Вараш,100
3831,subregion,3190,Млиновский район,100
3832,city,3831,Млинов,100
3833,subregion,3190,Острожский район,100
3834,city,3833,Острог,100
3835,subregion,3190,Радивиловский район,100
3836,city,3835,Радывылив,100
3837,subregion,3190,Ровенский район,100
3838,subregion,3190,Рокитновский район,100
3839,subregion,3190,Сарненский район,100
3840,city,3839,Сарны,100
3841,city,3190,Ровно,100
3842,city,3823,Заречное,100
3843,city,3838,Ракитное,100
3844,city,3822,Дубровица,100
3845,city,3820,Демидовка,100
3846,city,3821,Дубно,100
3847,subregion,3191,Бережанский район,100
3848,city,3847,Бережаны,100
3849,subregion,3191,Борщевский район,100
3850,subregion,3191,Бучачский район,100
3851,city,3850,Бучач,100
3852,subregion,3191,Гусятинский район,100
3853,city,3852,Хоростков,100
3854,city,3852,Копычинцы,100
3855,subregion,3191,Залещицкий район,100
3856,city,3855,Залещики,100
3857,subregion,3191,Збаражский район,100
3858,subregion,3191,Зборовский район,100
3859,city,3858,Зборов,100
3860,subregion,3191,Козовский район,100
3861,subregion,3191,Кременецкий район,100
3862,city,3861,Почаев,100
3863,subregion,3191,Лановецкий район,100
3864,subregion,3191,Монастыриский район,100
3865,city,3864,Монастыриска,100
3866,subregion,3191,Подволочиский район,100
3867,city,3866,Подволочиск,100
3868,city,3866,Скалат,100
3869,subregion,3191,Подгаецкий район,100
3870,subregion,3191,Теребовлянский район,100
3871,city,3870,Теребовля,100
3872,city,3870,Старая Брикуля,100
3873,city,3191,Тернополь,100
3874,subregion,3191,Тернопольский район,100
3875,subregion,3191,Чортковский район,100
3876,city,3875,Чортков,100
3877,subregion,3191,Шумский район,100
3878,city,3863,Лановцы,100
3879,city,3870,Гончарки,100
3880,city,3870,Вишенки,100
3881,city,3857,Збараж,100
3882,city,3849,Борщев,100
3883,city,3870,Сокольники,100
3884,city,3870,Подгора,100
3885,city,3861,Кременец,100
3886,city,3869,Подгайцы,100
3887,city,3870,Панталиха,100
3888,city,3877,Шумск,100
3889,subregion,3192,Белогорский район,100
3890,subregion,3192,Городокский район,100
3891,subregion,3192,Виньковецкий район,100
3892,city,3891,Виньковцы,100
3893,subregion,3192,Волочисский район,100
3894,city,3893,Волочиск,100
3895,subregion,3192,Деражнянский район,100
3896,city,3895,Деражня,100
3897,subregion,3192,Дунаевецкий район,100
3898,city,3897,Дунаевцы,100
3899,subregion,3192,Изяславский район,100
3900,city,3899,Изяслав,100
3901,subregion,3192,Каменец-Подольский район,100
3902,city,3901,Каменец-Подольский,100
3903,subregion,3192,Красиловский район,100
3904,city,3903,Красилов,100
3905,subregion,3192,Летичевский район,100
3906,city,3905,Летичев,100
3907,city,3192,Нетишин,100
3908,subregion,3192,Новоушицкий район,100
3909,city,3908,Новая Ушица,100
3910,subregion,3192,Полонский район,100
3911,city,3910,Полонное,100
3912,subregion,3192,Славутский район,100
3913,city,3912,Славута,100
3914,subregion,3192,Староконстантиновский район,100
3915,city,3914,Староконстантинов,100
3916,subregion,3192,Старосинявский район,100
3917,city,3916,Старая Синява,100
3918,subregion,3192,Теофипольский район,100
3919,city,3918,Теофиполь,100
3920,subregion,3192,Хмельницкий район,100
3921,subregion,3192,Чемеровецкий район,100
3922,city,3921,Чемеровцы,100
3923,subregion,3192,Шепетовский район,100
3924,city,3923,Шепетовка,100
3925,subregion,3192,Ярмолинецкий район,100
3926,city,3889,Белогорье,100
3927,city,3925,Ярмолинцы,100
3928,city,3890,Городок,100
3929,city,3192,Хмельницкий,100
3930,subregion,3193,Вижницкий район,100
3931,city,3930,Берегомет,100
3932,city,3930,Вашковцы,100
3933,city,3930,Выжница,100
3934,subregion,3193,Герцаевский район,100
3935,city,3934,Герца,100
3936,subregion,3193,Глыбокский район,100
3937,city,3936,Глубокая,100
3938,subregion,3193,Заставновский район,100
3939,city,3938,Заставна,100
3940,subregion,3193,Кельменецкий район,100
3941,subregion,3193,Кицманский район,100
3942,city,3941,Кицмань,100
3943,subregion,3193,Новоселицкий район,100
3944,subregion,3193,Путильский район,100
3945,subregion,3193,Сокирянский район,100
3946,city,3193,Новоднестровск,100
3947,subregion,3193,Сторожинецкий район,100
3948,city,3947,Сторожинец,100
3949,subregion,3193,Хотинский район,100
3950,city,3949,Хотин,100
3951,city,3945,Сокиряны,100
3952,city,3193,Черновцы,100
3953,city,3943,Новоселица,100
3954,city,3930,Лекечи,100
3955,city,3930,Липованы,100
3956,city,3930,Фальков,100
3957,subregion,3194,Барский район,100
3958,subregion,3194,Бершадский район,100
3959,city,3958,Бершадь,100
3960,city,3194,Винница,100
3961,subregion,3194,Винницкий район,100
3962,subregion,3194,Гайсинский район,100
3963,city,3962,Гайсин,100
3964,subregion,3194,Жмеринский район,100
3965,city,3964,Жмеринка,100
3966,subregion,3194,Ильинецкий район,100
3967,subregion,3194,Калиновский район,100
3968,subregion,3194,Казатинский район,100
3969,subregion,3194,Крыжопольский район,100
3970,subregion,3194,Липовецкий район,100
3971,subregion,3194,Литинский район,100
3972,subregion,3194,Могилев-Подольский район,100
3973,city,3972,Могилев-Подольский,100
3974,subregion,3194,Мурованокуриловецкий район,100
3975,subregion,3194,Немировский район,100
3976,city,3975,Немиров,100
3977,subregion,3194,Оратовский район,100
3978,subregion,3194,Песчанский район,100
3979,subregion,3194,Погребищенский район,100
3980,subregion,3194,Тепликский район,100
3981,subregion,3194,Тывровский район,100
3982,city,3981,Гнивань,100
3983,subregion,3194,Томашпольский район,100
3984,subregion,3194,Тростянецкий район,100
3985,subregion,3194,Тульчинский район,100
3986,city,3985,Тульчин,100
3987,subregion,3194,Хмельницкий район,100
3988,city,3987,Хмельник,100
3989,subregion,3194,Черновецкий район,100
3990,subregion,3194,Чечельницкий район,100
3991,subregion,3194,Шаргородский район,100
3992,city,3991,Шаргород,100
3993,subregion,3194,Ямпольский район,100
3994,city,3993,Ямполь,100
3995,city,3957,Бар,100
3996,city,3979,Погребище,100
3997,city,3968,Казатин,100
3998,city,3194,Ладыжин,100
3999,city,3970,Липовец,100
4000,city,3966,Ильинцы,100
4001,city,3967,Калиновка,100
4002,subregion,3195,Андрушевский район,100
4003,subregion,3195,Барановский район,100
4004,city,4003,Барановка,100
4005,subregion,3195,Бердичевский район,100
4006,city,4005,Бердичев,100
4007,subregion,3195,Брусиловский район,100
4008,city,4007,Брусилов,100
4009,subregion,3195,Володарско-Волынский район,100
4010,city,4009,Володарск-Волынский,100
4011,subregion,3195,Романовский район,100
4012,subregion,3195,Емильчинский район,100
4013,city,4012,Емильчино,100
4014,city,3195,Житомир,100
4015,subregion,3195,Житомирский район,100
4016,subregion,3195,Коростенский район,100
4017,city,4016,Коростень,100
4018,subregion,3195,Коростишевский район,100
4019,city,4018,Коростышев,100
4020,subregion,3195,Лугинский район,100
4021,city,4020,Лугины,100
4022,subregion,3195,Любарский район,100
4023,city,4022,Любар,100
4024,subregion,3195,Малинский район,100
4025,subregion,3195,Народичский район,100
4026,city,4025,Народичи,100
4027,subregion,3195,Новоград-Волынский район,100
4028,city,4027,Новоград-Волынский,100
4029,subregion,3195,Овручский район,100
4030,city,4029,Овруч,100
4031,subregion,3195,Олевский район,100
4032,city,4031,Олевск,100
4033,subregion,3195,Попельнянский район,100
4034,subregion,3195,Радомышльский район,100
4035,subregion,3195,Ружинский район,100
4036,subregion,3195,Пулинский район,100
4037,city,4036,Пулины,100
4038,subregion,3195,Черняховский район,100
4039,city,4038,Черняхов,100
4040,subregion,3195,Чудновский район,100
4041,city,4040,Чуднов,100
4042,city,4015,Солнечное,100
4043,city,4035,Ружин,100
4044,city,4015,Свитын,100
4045,city,4033,Попельня,100
4046,city,4011,Романов,100
4047,city,4015,Довжик,100
4048,city,4015,Слобода-Селец,100
4049,city,4024,Малин,100
4050,city,4034,Радомышль,100
4051,subregion,3196,Долинский район,100
4052,city,4051,Долинская,100
4053,subregion,3196,Добровеличковский район,100
4054,subregion,3196,Бобринецкий район,100
4055,city,4054,Бобринец,100
4056,subregion,3196,Ольшанский район,100
4057,subregion,3196,Гайворонский район,100
4058,city,4057,Гайворон,100
4059,subregion,3196,Голованевский район,100
4060,city,4059,Голованевск,100
4061,city,4053,Добровеличковка,100
4062,city,4053,Помичная,100
4063,subregion,3196,Знаменский район,100
4064,city,4063,Знаменка,100
4065,city,3196,Кропивницкий,100
4066,subregion,3196,Кировоградский район,100
4067,subregion,3196,Компанеевский район,100
4068,city,4067,Компаниевка,100
4069,subregion,3196,Маловисковский район,100
4070,city,4069,Малая Выска,100
4071,subregion,3196,Новгородковский район,100
4072,city,4071,Новгородка,100
4073,subregion,3196,Новоархангельский район,100
4074,city,4073,Новоархангельск,100
4075,subregion,3196,Новомиргородский район,100
4076,city,4075,Новомиргород,100
4077,subregion,3196,Новоукраинский район,100
4078,subregion,3196,Александрийский район,100
4079,city,4078,Александрия,100
4080,subregion,3196,Онуфриевский район,100
4081,city,4080,Онуфриевка,100
4082,subregion,3196,Петровский район,100
4083,subregion,3196,Светловодский район,100
4084,city,4083,Светловодск,100
4085,subregion,3196,Благовещенский район,100
4086,subregion,3196,Устиновский район,100
4087,subregion,3196,Александровский район,100
4088,city,4086,Устиновка,100
4089,city,4056,Ольшанка,100
4090,city,4087,Александровка,100
4091,city,4082,Петрово,100
4092,city,4077,Новоукраинка,100
4093,subregion,3197,Барышевский район,100
4094,city,4093,Барышевка,100
4095,subregion,3197,Белоцерковский район,100
4096,subregion,3197,Богуславский район,100
4097,subregion,3197,Бориспольский район,100
4098,city,4097,Борисполь,100
4099,subregion,3197,Бородянский район,100
4100,city,4099,Бородянка,100
4101,subregion,3197,Броварской район,100
4102,city,4101,Бровары,100
4103,subregion,3197,Вышгородский район,100
4104,city,4103,Вышгород,100
4105,subregion,3197,Згуровский район,100
4106,city,4105,Згуровка,100
4107,subregion,3197,Иванковский район,100
4108,city,4107,Чернобыль,100
4109,city,3197,Ирпень,100
4110,subregion,3197,Кагарлыкский район,100
4111,city,4110,Кагарлык,100
4112,subregion,3197,Киево-Cвятошинский район,100
4113,city,4112,Боярка,100
4114,subregion,3197,Макаровский район,100
4115,subregion,3197,Мироновский район,100
4116,subregion,3197,Обуховский район,100
4117,subregion,3197,Переяслав-Хмельницкий район,100
4118,city,4117,Переяслав-Хмельницкий,100
4119,subregion,3197,Полесский район,100
4120,subregion,3197,Ракитнянский район,100
4121,city,4120,Ракитное,100
4122,subregion,3197,Сквирский район,100
4123,city,4122,Сквира,100
4124,city,3197,Славутич,100
4125,subregion,3197,Ставищенский район,100
4126,subregion,3197,Таращанский район,100
4127,city,4126,Тараща,100
4128,subregion,3197,Тетиевский район,100
4129,city,4128,Тетиев,100
4130,subregion,3197,Фастовский район,100
4131,subregion,3197,Яготинский район,100
4132,city,4131,Яготин,100
4133,subregion,3197,Васильковский район,100
4134,subregion,3197,Володарский район,100
4135,city,3197,Припять,100
4136,city,4116,Украинка,100
4137,city,4095,Узин,100
4138,city,4116,Обухов,100
4139,city,4134,Володарка,100
4140,city,4133,Васильков,100
4141,city,4112,Вишневое,100
4142,city,4096,Богуслав,100
4143,city,4107,Иванков,100
4144,city,3197,Буча,100
4145,city,3197,Березань,100
4146,city,4130,Фастов,100
4147,city,4115,Мироновка,100
4148,city,4125,Ставище,100
4149,city,3197,Ржищев,100
4150,city,4095,Белая Церковь,100
4151,subregion,3199,Глобинский район,100
4152,subregion,3199,Великобагачанский район,100
4153,city,4152,Большая Багачка,100
4154,subregion,3199,Гадячский район,100
4155,city,4154,Гадяч,100
4156,city,4151,Глобино,100
4157,subregion,3199,Гребенковский район,100
4158,city,4157,Гребенка,100
4159,subregion,3199,Диканьский район,100
4160,city,4159,Диканька,100
4161,subregion,3199,Зеньковский район,100
4162,city,4161,Зиньков,100
4163,subregion,3199,Карловский район,100
4164,city,4163,Карловка,100
4165,subregion,3199,Кобелякский район,100
4166,city,4165,Кобеляки,100
4167,subregion,3199,Козельщинский район,100
4168,city,4167,Козельщина,100
4169,city,3199,Горишные Плавни,100
4170,subregion,3199,Котелевский район,100
4171,city,4170,Котельва,100
4172,subregion,3199,Кременчугский район,100
4173,city,4172,Кременчуг,100
4174,subregion,3199,Лохвицкий район,100
4175,city,4174,Лохвица,100
4176,city,4174,Червонозаводское,100
4177,subregion,3199,Лубенский район,100
4178,city,4177,Лубны,100
4179,subregion,3199,Машевский район,100
4180,city,4179,Машевка,100
4181,subregion,3199,Миргородский район,100
4182,city,4181,Миргород,100
4183,subregion,3199,Новосанжарский район,100
4184,city,4183,Новые Санжары,100
4185,subregion,3199,Оржицкий район,100
4186,city,4185,Оржица,100
4187,subregion,3199,Пирятинский район,100
4188,city,4187,Пырятин,100
4189,subregion,3199,Полтавский район,100
4190,subregion,3199,Решетиловский район,100
4191,city,4190,Решетиловка,100
4192,subregion,3199,Семеновский район,100
4193,subregion,3199,Хорольский район,100
4194,city,4193,Хорол,100
4195,subregion,3199,Чернухинский район,100
4196,city,4195,Чернухи,100
4197,subregion,3199,Чутовский район,100
4198,city,4197,Чутово,100
4199,subregion,3199,Шишацкий район,100
4200,city,3199,Полтава,100
4201,city,4192,Семеновка,100
4202,city,4199,Шишаки,100
4203,subregion,3200,Чигиринский район,100
4204,subregion,3200,Городищенский район,100
4205,city,4204,Городище,100
4206,subregion,3200,Драбовский район,100
4207,city,4206,Драбов,100
4208,subregion,3200,Жашковский район,100
4209,city,4208,Жашков,100
4210,subregion,3200,Звенигородский район,100
4211,city,3200,Ватутино,100
4212,subregion,3200,Золотоношский район,100
4213,city,4212,Золотоноша,100
4214,subregion,3200,Каменский район,100
4215,subregion,3200,Каневский район,100
4216,city,4215,Канев,100
4217,subregion,3200,Катеринопольский район,100
4218,subregion,3200,Корсунь-Шевченковский район,100
4219,city,4218,Корсунь-Шевченковский,100
4220,subregion,3200,Лысянский район,100
4221,subregion,3200,Маньковский район,100
4222,subregion,3200,Монастырищенский район,100
4223,city,4222,Монастырище,100
4224,subregion,3200,Смелянский район,100
4225,city,4224,Смела,100
4226,subregion,3200,Тальновский район,100
4227,city,4226,Тальное,100
4228,subregion,3200,Уманский район,100
4229,city,4228,Умань,100
4230,subregion,3200,Христиновский район,100
4231,subregion,3200,Черкасский район,100
4232,city,4203,Чигирин,100
4233,subregion,3200,Чернобаевский район,100
4234,city,4233,Чернобай,100
4235,subregion,3200,Шполянский район,100
4236,city,4235,Шпола,100
4237,city,4221,Маньковка,100
4238,city,4214,Каменка,100
4239,city,4230,Христиновка,100
4240,city,3200,Черкассы,100
4241,city,4220,Лысянка,100
4242,city,4210,Звенигородка,100
4243,city,4217,Катеринополь,100
4244,subregion,3201,Апостоловский район,100
4245,city,4244,Апостолово,100
4246,city,4244,Зеленодольск,100
4247,subregion,3201,Васильковский район,100
4248,subregion,3201,Верхнеднепровский район,100
4249,city,4248,Верховцево,100
4250,city,3201,Вольногорск,100
4251,city,3201,Каменское,100
4252,city,3201,Днепр,100
4253,subregion,3201,Днипровский район,100
4254,city,3201,Желтые Воды,100
4255,city,3201,Кривой Рог,100
4256,subregion,3201,Криворожский район,100
4257,subregion,3201,Криничанский район,100
4258,subregion,3201,Магдалиновский район,100
4259,city,3201,Марганец,100
4260,subregion,3201,Меживский район,100
4261,city,4260,Межевая,100
4262,subregion,3201,Никопольский район,100
4263,city,4262,Никополь,100
4264,subregion,3201,Новомосковский район,100
4265,city,4264,Новомосковск,100
4266,city,4264,Перещепино,100
4267,city,3201,Новотаромское,100
4268,subregion,3201,Павлоградский район,100
4269,city,4268,Павлоград,100
4270,city,3201,Першотравенск,100
4271,subregion,3201,Петриковский район,100
4272,city,4271,Петриковка,100
4273,subregion,3201,Петропавловский район,100
4274,city,4273,Петропавловка,100
4275,subregion,3201,Покровский район,100
4276,subregion,3201,Пятихатский район,100
4277,city,4276,Пятихатки,100
4278,subregion,3201,Синельниковский район,100
4279,city,4278,Синельниково,100
4280,subregion,3201,Солонянский район,100
4281,city,4280,Соленое,100
4282,subregion,3201,Софиевский район,100
4283,subregion,3201,Томаковский район,100
4284,subregion,3201,Царичанский район,100
4285,city,4284,Царичанка,100
4286,subregion,3201,Широковский район,100
4287,subregion,3201,Юрьевский район,100
4288,city,4282,Софиевка,100
4289,city,4275,Покровское,100
4290,city,4287,Юрьевка,100
4291,city,4268,Богдановка,100
4292,city,4253,Подгородное,100
4293,city,4286,Широкое,100
4294,city,3201,Терновка,100
4295,city,4248,Верхне-Днепровск,100
4296,subregion,3202,Амвросиевский район,100
4297,city,4296,Амвросиевка,100
4298,subregion,3202,Артемовский район,100
4299,city,4298,Северск,100
4300,city,4298,Артемовск,100
4301,subregion,3202,Великоновоселковский район,100
4302,city,4301,Большая Новоселка,100
4303,subregion,3202,Волновахский район,100
4304,city,4303,Волноваха,100
4305,city,3202,Докучаевск,100
4306,subregion,3202,Володарский район,100
4307,city,4306,Володарское,100
4308,city,3202,Горловка,100
4309,city,3202,Дебальцево,100
4310,city,3202,Дзержинск,100
4311,subregion,3202,Добропольский район,100
4312,city,4311,Доброполье,100
